{
  "accuracy": [
    0.5031746029853821,
    0.4873015880584717
  ],
  "auc": [
    0.475278377532959,
    0.475117027759552
  ],
  "loss": [
    0.7046478986740112,
    0.7033323645591736
  ],
  "val_accuracy": [
    0.5111111402511597,
    0.5111111402511597
  ],
  "val_auc": [
    0.5,
    0.469696968793869
  ],
  "val_loss": [
    0.6934524774551392,
    0.6932652592658997
  ],
  "learning_rate": [
    0.0010000000474974513,
    0.0010000000474974513
  ]
}