{
  "accuracy": [
    0.4888888895511627,
    0.4888888895511627
  ],
  "auc": [
    0.4746076464653015,
    0.4898279309272766
  ],
  "loss": [
    0.7021102905273438,
    0.6984152793884277
  ],
  "val_accuracy": [
    0.5111111402511597,
    0.5111111402511597
  ],
  "val_auc": [
    0.5,
    0.5
  ],
  "val_loss": [
    0.6930469274520874,
    0.6933035850524902
  ],
  "learning_rate": [
    9.999999747378752e-06,
    9.999999747378752e-06
  ]
}