{
  "accuracy": [
    0.48571428656578064,
    0.4476190507411957
  ],
  "auc": [
    0.48819392919540405,
    0.45865610241889954
  ],
  "loss": [
    0.7631157636642456,
    0.7754077315330505
  ],
  "val_accuracy": [
    0.5111111402511597,
    0.5111111402511597
  ],
  "val_auc": [
    0.4637681841850281,
    0.5039525628089905
  ],
  "val_loss": [
    0.6945158839225769,
    0.7054223418235779
  ],
  "learning_rate": [
    0.0010000000474974513,
    0.0010000000474974513
  ]
}