{
  "accuracy": [
    0.4841269850730896,
    0.48571428656578064
  ],
  "auc": [
    0.4936405420303345,
    0.49250584840774536
  ],
  "loss": [
    0.7386964559555054,
    0.7048659920692444
  ],
  "val_accuracy": [
    0.5111111402511597,
    0.5111111402511597
  ],
  "val_auc": [
    0.5615941882133484,
    0.5
  ],
  "val_loss": [
    0.6932311654090881,
    0.6935691237449646
  ],
  "learning_rate": [
    9.999999747378752e-06,
    9.999999747378752e-06
  ]
}