{
  "accuracy": [
    0.4888888895511627,
    0.5142857432365417
  ],
  "auc": [
    0.48641371726989746,
    0.5020928978919983
  ],
  "loss": [
    0.8745265603065491,
    0.7136291265487671
  ],
  "val_accuracy": [
    0.5111111402511597,
    0.4888888895511627
  ],
  "val_auc": [
    0.5,
    0.5091128349304199
  ],
  "val_loss": [
    0.6926589608192444,
    0.6938637495040894
  ],
  "learning_rate": [
    0.0010000000474974513,
    0.0010000000474974513
  ]
}